{
  "turtlebot": {
    "position": {
      "x": 480,
      "y": 625
    },
    "orientation": {
      "angle_degrees": 270,
      "compass_direction": "Süden"
    }
  },
  "object_analysis": {
    "description": "Objekte gruppiert nach Richtung relativ zum Turtlebot (90°-Sektoren)",
    "sector_definitions": {
      "vor": "−45° bis +45° relativ zur Turtlebot-Orientierung",
      "links": "+45° bis +135° relativ zur Turtlebot-Orientierung (positive Winkel = links)",
      "hinter": "+135° bis +180° und −180° bis −135° relativ zur Turtlebot-Orientierung",
      "rechts": "−135° bis −45° relativ zur Turtlebot-Orientierung (negative Winkel = rechts)"
    },
    "directions": {
      "vor": [
        {
          "id": "stuhl_12",
          "distance_cm": 64.54,
          "relative_angle": -12.5
        },
        {
          "id": "tisch_6",
          "distance_cm": 114.13,
          "relative_angle": 8.1
        },
        {
          "id": "stuhl_11",
          "distance_cm": 163.6,
          "relative_angle": -4.9
        },
        {
          "id": "stuhl_10",
          "distance_cm": 169.37,
          "relative_angle": 15.8
        },
        {
          "id": "stuhl_9",
          "distance_cm": 217.19,
          "relative_angle": 29.5
        },
        {
          "id": "stuhl_3",
          "distance_cm": 254.33,
          "relative_angle": -33.9
        },
        {
          "id": "tisch_4",
          "distance_cm": 273.0,
          "relative_angle": 36.7
        },
        {
          "id": "karton_1",
          "distance_cm": 274.23,
          "relative_angle": 20.7
        },
        {
          "id": "stuhl_2",
          "distance_cm": 283.13,
          "relative_angle": -16.8
        },
        {
          "id": "tisch_10",
          "distance_cm": 305.95,
          "relative_angle": -27.7
        },
        {
          "id": "stuhl_8",
          "distance_cm": 327.0,
          "relative_angle": 19.1
        },
        {
          "id": "stuhl_4",
          "distance_cm": 338.0,
          "relative_angle": -36.7
        },
        {
          "id": "stuhl_1",
          "distance_cm": 360.17,
          "relative_angle": -23.2
        },
        {
          "id": "fenster_3",
          "distance_cm": 363.98,
          "relative_angle": 35.0
        },
        {
          "id": "wand_2",
          "distance_cm": 363.98,
          "relative_angle": 35.0
        },
        {
          "id": "tisch_3",
          "distance_cm": 376.15,
          "relative_angle": 25.7
        },
        {
          "id": "stuhl_7",
          "distance_cm": 384.2,
          "relative_angle": 16.2
        },
        {
          "id": "tisch_1",
          "distance_cm": 439.39,
          "relative_angle": 2.4
        },
        {
          "id": "tisch_2",
          "distance_cm": 462.01,
          "relative_angle": 18.2
        },
        {
          "id": "fenster_2",
          "distance_cm": 470.02,
          "relative_angle": 26.4
        },
        {
          "id": "stuhl_5",
          "distance_cm": 491.45,
          "relative_angle": 5.7
        },
        {
          "id": "tuer_3",
          "distance_cm": 499.38,
          "relative_angle": -27.5
        },
        {
          "id": "schrank_2",
          "distance_cm": 506.26,
          "relative_angle": -16.5
        },
        {
          "id": "stuhl_6",
          "distance_cm": 520.05,
          "relative_angle": 19.9
        },
        {
          "id": "regal",
          "distance_cm": 539.43,
          "relative_angle": -38.5
        },
        {
          "id": "wand_9",
          "distance_cm": 547.96,
          "relative_angle": -36.1
        },
        {
          "id": "wand_10",
          "distance_cm": 558.91,
          "relative_angle": -17.2
        },
        {
          "id": "fenster_1",
          "distance_cm": 582.77,
          "relative_angle": 21.0
        },
        {
          "id": "schrank_1",
          "distance_cm": 601.0,
          "relative_angle": 4.1
        },
        {
          "id": "tuer_2",
          "distance_cm": 615.98,
          "relative_angle": -44.0
        },
        {
          "id": "wand_1",
          "distance_cm": 625.39,
          "relative_angle": 2.0
        }
      ],
      "rechts": [
        {
          "id": "whiteboard_2",
          "distance_cm": 75.77,
          "relative_angle": -112.5
        },
        {
          "id": "wand_3",
          "distance_cm": 138.57,
          "relative_angle": -102.1
        },
        {
          "id": "pepper",
          "distance_cm": 220.0,
          "relative_angle": -89.7
        },
        {
          "id": "kommode",
          "distance_cm": 290.08,
          "relative_angle": -91.4
        },
        {
          "id": "stuhl_14",
          "distance_cm": 320.21,
          "relative_angle": -74.8
        },
        {
          "id": "karton_3",
          "distance_cm": 362.38,
          "relative_angle": -58.7
        },
        {
          "id": "tisch_7",
          "distance_cm": 364.52,
          "relative_angle": -68.4
        },
        {
          "id": "whiteboard_1",
          "distance_cm": 366.15,
          "relative_angle": -94.5
        },
        {
          "id": "stuhl_15",
          "distance_cm": 378.44,
          "relative_angle": -77.2
        },
        {
          "id": "karton_2",
          "distance_cm": 401.5,
          "relative_angle": -62.0
        },
        {
          "id": "tisch_9",
          "distance_cm": 440.16,
          "relative_angle": -88.4
        },
        {
          "id": "tisch_8",
          "distance_cm": 454.4,
          "relative_angle": -75.5
        },
        {
          "id": "muelleimer",
          "distance_cm": 489.95,
          "relative_angle": -65.3
        },
        {
          "id": "wand_4",
          "distance_cm": 491.03,
          "relative_angle": -77.8
        },
        {
          "id": "wand_5",
          "distance_cm": 547.93,
          "relative_angle": -64.5
        },
        {
          "id": "tuer_1",
          "distance_cm": 588.56,
          "relative_angle": -59.9
        },
        {
          "id": "wand_6",
          "distance_cm": 588.56,
          "relative_angle": -59.9
        },
        {
          "id": "wand_7",
          "distance_cm": 608.73,
          "relative_angle": -54.3
        },
        {
          "id": "wand_8",
          "distance_cm": 624.18,
          "relative_angle": -50.3
        }
      ],
      "hinter": [],
      "links": [
        {
          "id": "tisch_5",
          "distance_cm": 181.87,
          "relative_angle": 51.6
        },
        {
          "id": "stuhl_13",
          "distance_cm": 185.99,
          "relative_angle": 70.2
        },
        {
          "id": "fenster_5",
          "distance_cm": 215.37,
          "relative_angle": 76.0
        },
        {
          "id": "fenster_4",
          "distance_cm": 272.59,
          "relative_angle": 50.1
        }
      ]
    }
  },
  "summary": {
    "total_objects": 54,
    "objects_per_direction": {
      "vor": 31,
      "rechts": 19,
      "hinter": 0,
      "links": 4
    }
  }
}