{
  "turtlebot": {
    "position": {
      "x": 480,
      "y": 360
    },
    "orientation": {
      "angle_degrees": 0,
      "compass_direction": "Osten"
    }
  },
  "object_analysis": {
    "description": "Objekte gruppiert nach Richtung relativ zum Turtlebot (90°-Sektoren)",
    "sector_definitions": {
      "vor": "−45° bis +45° relativ zur Turtlebot-Orientierung",
      "links": "+45° bis +135° relativ zur Turtlebot-Orientierung (positive Winkel = links)",
      "hinter": "+135° bis +180° und −180° bis −135° relativ zur Turtlebot-Orientierung",
      "rechts": "−135° bis −45° relativ zur Turtlebot-Orientierung (negative Winkel = rechts)"
    },
    "directions": {
      "vor": [
        {
          "id": "karton_1",
          "distance_cm": 97.37,
          "relative_angle": 5.0
        },
        {
          "id": "stuhl_8",
          "distance_cm": 115.69,
          "relative_angle": -22.4
        },
        {
          "id": "stuhl_9",
          "distance_cm": 131.24,
          "relative_angle": 35.4
        },
        {
          "id": "stuhl_7",
          "distance_cm": 149.21,
          "relative_angle": -44.2
        },
        {
          "id": "tisch_4",
          "distance_cm": 169.37,
          "relative_angle": 15.8
        },
        {
          "id": "tisch_3",
          "distance_cm": 179.01,
          "relative_angle": -24.4
        },
        {
          "id": "fenster_3",
          "distance_cm": 211.59,
          "relative_angle": -9.0
        },
        {
          "id": "wand_2",
          "distance_cm": 211.59,
          "relative_angle": -9.0
        },
        {
          "id": "fenster_4",
          "distance_cm": 227.55,
          "relative_angle": 23.3
        },
        {
          "id": "fenster_2",
          "distance_cm": 260.8,
          "relative_angle": -36.7
        }
      ],
      "rechts": [
        {
          "id": "tisch_1",
          "distance_cm": 174.98,
          "relative_angle": -83.9
        },
        {
          "id": "tisch_2",
          "distance_cm": 225.86,
          "relative_angle": -50.4
        },
        {
          "id": "stuhl_5",
          "distance_cm": 229.3,
          "relative_angle": -77.7
        },
        {
          "id": "schrank_2",
          "distance_cm": 263.08,
          "relative_angle": -123.1
        },
        {
          "id": "stuhl_6",
          "distance_cm": 285.49,
          "relative_angle": -51.7
        },
        {
          "id": "wand_10",
          "distance_cm": 315.57,
          "relative_angle": -121.5
        },
        {
          "id": "schrank_1",
          "distance_cm": 337.19,
          "relative_angle": -82.8
        },
        {
          "id": "fenster_1",
          "distance_cm": 348.6,
          "relative_angle": -53.2
        },
        {
          "id": "wand_1",
          "distance_cm": 360.67,
          "relative_angle": -86.5
        }
      ],
      "hinter": [
        {
          "id": "stuhl_2",
          "distance_cm": 82.22,
          "relative_angle": -175.8
        },
        {
          "id": "tisch_10",
          "distance_cm": 142.13,
          "relative_angle": -177.6
        },
        {
          "id": "stuhl_3",
          "distance_cm": 151.92,
          "relative_angle": 159.2
        },
        {
          "id": "stuhl_1",
          "distance_cm": 156.59,
          "relative_angle": -155.1
        },
        {
          "id": "stuhl_4",
          "distance_cm": 202.09,
          "relative_angle": -178.3
        },
        {
          "id": "tuer_3",
          "distance_cm": 291.23,
          "relative_angle": -142.3
        },
        {
          "id": "karton_3",
          "distance_cm": 318.81,
          "relative_angle": 166.1
        },
        {
          "id": "stuhl_14",
          "distance_cm": 358.11,
          "relative_angle": 149.6
        },
        {
          "id": "karton_2",
          "distance_cm": 362.66,
          "relative_angle": 167.8
        },
        {
          "id": "tisch_7",
          "distance_cm": 363.43,
          "relative_angle": 158.9
        },
        {
          "id": "wand_9",
          "distance_cm": 368.36,
          "relative_angle": -151.1
        },
        {
          "id": "regal",
          "distance_cm": 370.87,
          "relative_angle": -155.0
        },
        {
          "id": "kommode",
          "distance_cm": 397.6,
          "relative_angle": 136.8
        },
        {
          "id": "stuhl_15",
          "distance_cm": 411.0,
          "relative_angle": 153.9
        },
        {
          "id": "muelleimer",
          "distance_cm": 449.03,
          "relative_angle": 172.3
        },
        {
          "id": "tuer_2",
          "distance_cm": 463.54,
          "relative_angle": -157.4
        },
        {
          "id": "tisch_8",
          "distance_cm": 465.35,
          "relative_angle": 161.0
        },
        {
          "id": "whiteboard_1",
          "distance_cm": 468.68,
          "relative_angle": 141.1
        },
        {
          "id": "wand_5",
          "distance_cm": 495.35,
          "relative_angle": 176.6
        },
        {
          "id": "wand_8",
          "distance_cm": 498.35,
          "relative_angle": -164.4
        },
        {
          "id": "wand_7",
          "distance_cm": 502.62,
          "relative_angle": -169.7
        },
        {
          "id": "wand_4",
          "distance_cm": 506.44,
          "relative_angle": 161.4
        },
        {
          "id": "tisch_9",
          "distance_cm": 507.55,
          "relative_angle": 150.1
        },
        {
          "id": "tuer_1",
          "distance_cm": 509.91,
          "relative_angle": -176.6
        },
        {
          "id": "wand_6",
          "distance_cm": 509.91,
          "relative_angle": -176.6
        }
      ],
      "links": [
        {
          "id": "stuhl_11",
          "distance_cm": 102.96,
          "relative_angle": 97.8
        },
        {
          "id": "stuhl_10",
          "distance_cm": 111.89,
          "relative_angle": 65.7
        },
        {
          "id": "tisch_6",
          "distance_cm": 152.84,
          "relative_angle": 84.0
        },
        {
          "id": "stuhl_12",
          "distance_cm": 202.48,
          "relative_angle": 94.0
        },
        {
          "id": "tisch_5",
          "distance_cm": 208.35,
          "relative_angle": 46.8
        },
        {
          "id": "stuhl_13",
          "distance_cm": 267.26,
          "relative_angle": 49.1
        },
        {
          "id": "fenster_5",
          "distance_cm": 298.41,
          "relative_angle": 45.5
        },
        {
          "id": "whiteboard_2",
          "distance_cm": 302.22,
          "relative_angle": 103.4
        },
        {
          "id": "wand_3",
          "distance_cm": 323.72,
          "relative_angle": 114.7
        },
        {
          "id": "pepper",
          "distance_cm": 343.65,
          "relative_angle": 129.8
        }
      ]
    }
  },
  "summary": {
    "total_objects": 54,
    "objects_per_direction": {
      "vor": 10,
      "rechts": 9,
      "hinter": 25,
      "links": 10
    }
  }
}