{
  "turtlebot": {
    "position": {
      "x": 330,
      "y": 480
    },
    "orientation": {
      "angle_degrees": 315,
      "compass_direction": "Südost"
    }
  },
  "object_analysis": {
    "description": "Objekte gruppiert nach Richtung relativ zum Turtlebot (90°-Sektoren)",
    "sector_definitions": {
      "vor": "−45° bis +45° relativ zur Turtlebot-Orientierung",
      "links": "+45° bis +135° relativ zur Turtlebot-Orientierung (positive Winkel = links)",
      "hinter": "+135° bis +180° und −180° bis −135° relativ zur Turtlebot-Orientierung",
      "rechts": "−135° bis −45° relativ zur Turtlebot-Orientierung (negative Winkel = rechts)"
    },
    "directions": {
      "vor": [
        {
          "id": "stuhl_3",
          "distance_cm": 66.48,
          "relative_angle": -38.1
        },
        {
          "id": "tisch_10",
          "distance_cm": 126.25,
          "relative_angle": -41.4
        },
        {
          "id": "stuhl_11",
          "distance_cm": 137.19,
          "relative_angle": 37.5
        },
        {
          "id": "stuhl_2",
          "distance_cm": 143.18,
          "relative_angle": -16.6
        },
        {
          "id": "stuhl_1",
          "distance_cm": 186.17,
          "relative_angle": -42.5
        },
        {
          "id": "stuhl_10",
          "distance_cm": 196.82,
          "relative_angle": 39.8
        },
        {
          "id": "stuhl_9",
          "distance_cm": 260.74,
          "relative_angle": 35.3
        },
        {
          "id": "karton_1",
          "distance_cm": 271.0,
          "relative_angle": 20.7
        },
        {
          "id": "stuhl_8",
          "distance_cm": 304.87,
          "relative_angle": 12.5
        },
        {
          "id": "tisch_4",
          "distance_cm": 321.63,
          "relative_angle": 31.7
        },
        {
          "id": "tisch_1",
          "distance_cm": 338.86,
          "relative_angle": -15.2
        },
        {
          "id": "schrank_2",
          "distance_cm": 340.56,
          "relative_angle": -43.9
        },
        {
          "id": "stuhl_7",
          "distance_cm": 340.92,
          "relative_angle": 3.9
        },
        {
          "id": "fenster_4",
          "distance_cm": 360.25,
          "relative_angle": 40.2
        },
        {
          "id": "tisch_3",
          "distance_cm": 368.25,
          "relative_angle": 13.2
        },
        {
          "id": "fenster_3",
          "distance_cm": 390.24,
          "relative_angle": 21.9
        },
        {
          "id": "wand_2",
          "distance_cm": 390.24,
          "relative_angle": 21.9
        },
        {
          "id": "stuhl_5",
          "distance_cm": 397.41,
          "relative_angle": -15.0
        },
        {
          "id": "tisch_2",
          "distance_cm": 415.78,
          "relative_angle": 0.0
        },
        {
          "id": "fenster_2",
          "distance_cm": 452.83,
          "relative_angle": 7.4
        },
        {
          "id": "stuhl_6",
          "distance_cm": 474.62,
          "relative_angle": -1.5
        },
        {
          "id": "schrank_1",
          "distance_cm": 493.59,
          "relative_angle": -22.0
        },
        {
          "id": "wand_1",
          "distance_cm": 509.89,
          "relative_angle": -25.3
        },
        {
          "id": "fenster_1",
          "distance_cm": 536.73,
          "relative_angle": -3.0
        }
      ],
      "rechts": [
        {
          "id": "stuhl_4",
          "distance_cm": 136.31,
          "relative_angle": -67.4
        },
        {
          "id": "karton_3",
          "distance_cm": 165.33,
          "relative_angle": -119.7
        },
        {
          "id": "karton_2",
          "distance_cm": 209.08,
          "relative_angle": -123.0
        },
        {
          "id": "muelleimer",
          "distance_cm": 301.04,
          "relative_angle": -123.5
        },
        {
          "id": "tuer_3",
          "distance_cm": 308.68,
          "relative_angle": -60.1
        },
        {
          "id": "regal",
          "distance_cm": 333.65,
          "relative_angle": -78.9
        },
        {
          "id": "wand_9",
          "distance_cm": 344.33,
          "relative_angle": -75.1
        },
        {
          "id": "wand_5",
          "distance_cm": 356.32,
          "relative_angle": -120.2
        },
        {
          "id": "tuer_1",
          "distance_cm": 389.27,
          "relative_angle": -112.3
        },
        {
          "id": "wand_6",
          "distance_cm": 389.27,
          "relative_angle": -112.3
        },
        {
          "id": "wand_10",
          "distance_cm": 389.29,
          "relative_angle": -47.2
        },
        {
          "id": "wand_7",
          "distance_cm": 403.46,
          "relative_angle": -103.6
        },
        {
          "id": "tuer_2",
          "distance_cm": 407.54,
          "relative_angle": -88.0
        },
        {
          "id": "wand_8",
          "distance_cm": 416.43,
          "relative_angle": -97.4
        }
      ],
      "hinter": [
        {
          "id": "pepper",
          "distance_cm": 160.11,
          "relative_angle": 160.9
        },
        {
          "id": "stuhl_14",
          "distance_cm": 170.3,
          "relative_angle": -156.0
        },
        {
          "id": "tisch_7",
          "distance_cm": 189.32,
          "relative_angle": -138.3
        },
        {
          "id": "kommode",
          "distance_cm": 206.65,
          "relative_angle": 177.6
        },
        {
          "id": "stuhl_15",
          "distance_cm": 227.34,
          "relative_angle": -150.6
        },
        {
          "id": "whiteboard_1",
          "distance_cm": 276.59,
          "relative_angle": -174.0
        },
        {
          "id": "tisch_8",
          "distance_cm": 291.71,
          "relative_angle": -141.2
        },
        {
          "id": "tisch_9",
          "distance_cm": 319.04,
          "relative_angle": -159.6
        },
        {
          "id": "wand_4",
          "distance_cm": 332.6,
          "relative_angle": -142.2
        }
      ],
      "links": [
        {
          "id": "stuhl_12",
          "distance_cm": 158.81,
          "relative_angle": 76.1
        },
        {
          "id": "tisch_6",
          "distance_cm": 169.06,
          "relative_angle": 55.9
        },
        {
          "id": "wand_3",
          "distance_cm": 174.6,
          "relative_angle": 130.2
        },
        {
          "id": "whiteboard_2",
          "distance_cm": 191.51,
          "relative_angle": 110.3
        },
        {
          "id": "tisch_5",
          "distance_cm": 294.25,
          "relative_angle": 51.2
        },
        {
          "id": "stuhl_13",
          "distance_cm": 335.19,
          "relative_angle": 59.2
        },
        {
          "id": "fenster_5",
          "distance_cm": 370.85,
          "relative_angle": 59.5
        }
      ]
    }
  },
  "summary": {
    "total_objects": 54,
    "objects_per_direction": {
      "vor": 24,
      "rechts": 14,
      "hinter": 9,
      "links": 7
    }
  }
}