{
  "turtlebot": {
    "position": {
      "x": 250,
      "y": 210
    },
    "orientation": {
      "angle_degrees": 270,
      "compass_direction": "Süden"
    }
  },
  "object_analysis": {
    "description": "Objekte gruppiert nach Richtung relativ zum Turtlebot (90°-Sektoren)",
    "sector_definitions": {
      "vor": "−45° bis +45° relativ zur Turtlebot-Orientierung",
      "links": "+45° bis +135° relativ zur Turtlebot-Orientierung (positive Winkel = links)",
      "hinter": "+135° bis +180° und −180° bis −135° relativ zur Turtlebot-Orientierung",
      "rechts": "−135° bis −45° relativ zur Turtlebot-Orientierung (negative Winkel = rechts)"
    },
    "directions": {
      "vor": [
        {
          "id": "tuer_3",
          "distance_cm": 28.0,
          "relative_angle": -1.0
        },
        {
          "id": "wand_10",
          "distance_cm": 135.59,
          "relative_angle": 28.6
        }
      ],
      "rechts": [
        {
          "id": "wand_9",
          "distance_cm": 96.64,
          "relative_angle": -73.2
        },
        {
          "id": "regal",
          "distance_cm": 106.23,
          "relative_angle": -86.2
        },
        {
          "id": "tuer_2",
          "distance_cm": 199.97,
          "relative_angle": -82.0
        },
        {
          "id": "wand_8",
          "distance_cm": 250.51,
          "relative_angle": -93.7
        },
        {
          "id": "wand_7",
          "distance_cm": 271.22,
          "relative_angle": -102.8
        },
        {
          "id": "muelleimer",
          "distance_cm": 300.54,
          "relative_angle": -134.3
        },
        {
          "id": "tuer_1",
          "distance_cm": 303.51,
          "relative_angle": -113.2
        },
        {
          "id": "wand_6",
          "distance_cm": 303.51,
          "relative_angle": -113.2
        },
        {
          "id": "wand_5",
          "distance_cm": 319.38,
          "relative_angle": -124.1
        }
      ],
      "hinter": [
        {
          "id": "stuhl_4",
          "distance_cm": 146.7,
          "relative_angle": 169.0
        },
        {
          "id": "tisch_10",
          "distance_cm": 168.76,
          "relative_angle": 148.6
        },
        {
          "id": "stuhl_3",
          "distance_cm": 222.17,
          "relative_angle": 156.7
        },
        {
          "id": "karton_3",
          "distance_cm": 240.05,
          "relative_angle": -160.7
        },
        {
          "id": "karton_2",
          "distance_cm": 258.46,
          "relative_angle": -151.2
        },
        {
          "id": "tisch_7",
          "distance_cm": 301.4,
          "relative_angle": -158.8
        },
        {
          "id": "stuhl_11",
          "distance_cm": 331.9,
          "relative_angle": 139.4
        },
        {
          "id": "stuhl_14",
          "distance_cm": 340.3,
          "relative_angle": -166.6
        },
        {
          "id": "stuhl_15",
          "distance_cm": 359.0,
          "relative_angle": -157.2
        },
        {
          "id": "tisch_8",
          "distance_cm": 367.43,
          "relative_angle": -145.1
        },
        {
          "id": "tisch_6",
          "distance_cm": 389.51,
          "relative_angle": 140.8
        },
        {
          "id": "wand_4",
          "distance_cm": 399.41,
          "relative_angle": -141.3
        },
        {
          "id": "stuhl_12",
          "distance_cm": 412.99,
          "relative_angle": 148.5
        },
        {
          "id": "pepper",
          "distance_cm": 414.12,
          "relative_angle": 178.6
        },
        {
          "id": "kommode",
          "distance_cm": 426.24,
          "relative_angle": -171.9
        },
        {
          "id": "wand_3",
          "distance_cm": 453.95,
          "relative_angle": 168.0
        },
        {
          "id": "tisch_9",
          "distance_cm": 454.43,
          "relative_angle": -152.5
        },
        {
          "id": "whiteboard_1",
          "distance_cm": 464.07,
          "relative_angle": -163.1
        },
        {
          "id": "whiteboard_2",
          "distance_cm": 471.95,
          "relative_angle": 160.2
        }
      ],
      "links": [
        {
          "id": "schrank_2",
          "distance_cm": 111.59,
          "relative_angle": 50.8
        },
        {
          "id": "stuhl_1",
          "distance_cm": 121.66,
          "relative_angle": 133.7
        },
        {
          "id": "stuhl_2",
          "distance_cm": 206.49,
          "relative_angle": 134.2
        },
        {
          "id": "tisch_1",
          "distance_cm": 249.66,
          "relative_angle": 84.5
        },
        {
          "id": "stuhl_5",
          "distance_cm": 288.65,
          "relative_angle": 75.1
        },
        {
          "id": "wand_1",
          "distance_cm": 328.03,
          "relative_angle": 50.2
        },
        {
          "id": "schrank_1",
          "distance_cm": 329.08,
          "relative_angle": 55.9
        },
        {
          "id": "stuhl_7",
          "distance_cm": 340.12,
          "relative_angle": 97.8
        },
        {
          "id": "stuhl_8",
          "distance_cm": 353.28,
          "relative_angle": 107.5
        },
        {
          "id": "karton_1",
          "distance_cm": 363.39,
          "relative_angle": 115.9
        },
        {
          "id": "stuhl_10",
          "distance_cm": 373.74,
          "relative_angle": 132.4
        },
        {
          "id": "tisch_2",
          "distance_cm": 374.77,
          "relative_angle": 86.3
        },
        {
          "id": "tisch_3",
          "distance_cm": 400.28,
          "relative_angle": 100.9
        },
        {
          "id": "stuhl_9",
          "distance_cm": 405.76,
          "relative_angle": 123.8
        },
        {
          "id": "stuhl_6",
          "distance_cm": 413.67,
          "relative_angle": 79.7
        },
        {
          "id": "fenster_2",
          "distance_cm": 439.04,
          "relative_angle": 89.2
        },
        {
          "id": "tisch_4",
          "distance_cm": 439.16,
          "relative_angle": 116.5
        },
        {
          "id": "fenster_3",
          "distance_cm": 454.32,
          "relative_angle": 104.9
        },
        {
          "id": "wand_2",
          "distance_cm": 454.32,
          "relative_angle": 104.9
        },
        {
          "id": "fenster_1",
          "distance_cm": 457.56,
          "relative_angle": 73.6
        },
        {
          "id": "tisch_5",
          "distance_cm": 479.54,
          "relative_angle": 129.0
        },
        {
          "id": "fenster_4",
          "distance_cm": 500.32,
          "relative_angle": 118.7
        },
        {
          "id": "stuhl_13",
          "distance_cm": 536.59,
          "relative_angle": 131.0
        },
        {
          "id": "fenster_5",
          "distance_cm": 569.64,
          "relative_angle": 129.6
        }
      ]
    }
  },
  "summary": {
    "total_objects": 54,
    "objects_per_direction": {
      "vor": 2,
      "rechts": 9,
      "hinter": 19,
      "links": 24
    }
  }
}